Cluster,Recency,Frequency,Monetary,AOV,AvgGapDays,Count
0,25.574468085106382,16.86073500967118,5061.251692538451,302.6557228560372,41.34716353087448,517
1,124.69724770642202,15.412844036697248,4596.9006999714875,302.6740288788468,39.51412984762844,109
2,28.848238482384822,23.715447154471544,7677.735018216273,325.86038549023567,28.73447581167958,369
